<?xml version="1.0" encoding="utf-8" standalone="yes"?>
<rss version="2.0" xmlns:atom="http://www.w3.org/2005/Atom" xmlns:content="http://purl.org/rss/1.0/modules/content/">
  <channel>
    <title>.Net on Anton&#39;s Dev Space</title>
    <link>http://localhost:1313/tags/.net/</link>
    <description>Recent content in .Net on Anton&#39;s Dev Space</description>
    <generator>Hugo -- 0.134.1</generator>
    <language>en-us</language>
    <lastBuildDate>Sun, 09 Apr 2017 10:58:08 -0400</lastBuildDate>
    <atom:link href="http://localhost:1313/tags/.net/index.xml" rel="self" type="application/rss+xml" />
    <item>
      <title>Chapter I: The Grand Hall</title>
      <link>http://localhost:1313/posts/chapter-grand-hall/</link>
      <pubDate>Sun, 09 Apr 2017 10:58:08 -0400</pubDate>
      <guid>http://localhost:1313/posts/chapter-grand-hall/</guid>
      <description>The Grand Hall</description>
    </item>
  </channel>
</rss>
