<?xml version="1.0" encoding="utf-8" standalone="yes"?>
<rss version="2.0" xmlns:atom="http://www.w3.org/2005/Atom" xmlns:content="http://purl.org/rss/1.0/modules/content/">
  <channel>
    <title>Journey on Anton&#39;s Dev Space</title>
    <link>https://www.kirschhock.com/tags/journey/</link>
    <description>Recent content in Journey on Anton&#39;s Dev Space</description>
    <generator>Hugo -- 0.134.1</generator>
    <language>en-us</language>
    <lastBuildDate>Sun, 20 Oct 2024 10:00:00 +0000</lastBuildDate>
    <atom:link href="https://www.kirschhock.com/tags/journey/index.xml" rel="self" type="application/rss+xml" />
    <item>
      <title>Building a Blog &amp; Profile Site - Let&#39;s build a Hugo-Site!</title>
      <link>https://www.kirschhock.com/posts/building-blog-site-part2/</link>
      <pubDate>Sun, 20 Oct 2024 10:00:00 +0000</pubDate>
      <guid>https://www.kirschhock.com/posts/building-blog-site-part2/</guid>
      <description>Let&amp;#39;s continue our journey through Blog-building-land and discover what Hugo has to offer</description>
    </item>
    <item>
      <title>Building a Blog &amp; Profile Site - How Hard Can It Be?</title>
      <link>https://www.kirschhock.com/posts/building-blog-site/</link>
      <pubDate>Tue, 10 Sep 2024 08:26:12 +0000</pubDate>
      <guid>https://www.kirschhock.com/posts/building-blog-site/</guid>
      <description>Building a blog site can sometimes be challenging! Let&amp;#39;s dive into my process of building a profile and blog site!</description>
    </item>
  </channel>
</rss>
