<?xml version="1.0" encoding="utf-8" standalone="yes"?>
<rss version="2.0" xmlns:atom="http://www.w3.org/2005/Atom" xmlns:content="http://purl.org/rss/1.0/modules/content/">
  <channel>
    <title>Tags on Anton&#39;s Dev Space</title>
    <link>https://www.kirschhock.com/tags/</link>
    <description>Recent content in Tags on Anton&#39;s Dev Space</description>
    <generator>Hugo -- 0.134.1</generator>
    <language>en-us</language>
    <lastBuildDate>Sun, 20 Oct 2024 10:00:00 +0000</lastBuildDate>
    <atom:link href="https://www.kirschhock.com/tags/index.xml" rel="self" type="application/rss+xml" />
    <item>
      <title>Blog Site</title>
      <link>https://www.kirschhock.com/tags/blog-site/</link>
      <pubDate>Sun, 20 Oct 2024 10:00:00 +0000</pubDate>
      <guid>https://www.kirschhock.com/tags/blog-site/</guid>
      <description></description>
    </item>
    <item>
      <title>Blogging</title>
      <link>https://www.kirschhock.com/tags/blogging/</link>
      <pubDate>Sun, 20 Oct 2024 10:00:00 +0000</pubDate>
      <guid>https://www.kirschhock.com/tags/blogging/</guid>
      <description></description>
    </item>
    <item>
      <title>Hugo</title>
      <link>https://www.kirschhock.com/tags/hugo/</link>
      <pubDate>Sun, 20 Oct 2024 10:00:00 +0000</pubDate>
      <guid>https://www.kirschhock.com/tags/hugo/</guid>
      <description></description>
    </item>
    <item>
      <title>Journey</title>
      <link>https://www.kirschhock.com/tags/journey/</link>
      <pubDate>Sun, 20 Oct 2024 10:00:00 +0000</pubDate>
      <guid>https://www.kirschhock.com/tags/journey/</guid>
      <description></description>
    </item>
    <item>
      <title>Portfolio</title>
      <link>https://www.kirschhock.com/tags/portfolio/</link>
      <pubDate>Sun, 20 Oct 2024 10:00:00 +0000</pubDate>
      <guid>https://www.kirschhock.com/tags/portfolio/</guid>
      <description></description>
    </item>
  </channel>
</rss>
